DELETE FROM `Player`;
DELETE FROM `Match`;
DELETE FROM `Team`;


DELETE FROM `Player`;
DELETE FROM `Match`;
DELETE FROM `Team`;

INSERT INTO `Player` (`adresse_mail`,`mdp`,`lastname`,`firstname`,`age`,`avatar`) VALUES ("kerbrat.erwan@gmail.com","mdpARI1","Kerbrat","Erwan",25,0);
INSERT INTO `Player` (`adresse_mail`,`mdp`,`lastname`,`firstname`,`age`,`avatar`) VALUES ("Aymard.Candide@gmail.com","ykkbvz","Aymard","Candide",44,1);
INSERT INTO `Player` (`adresse_mail`,`mdp`,`lastname`,`firstname`,`age`,`avatar`) VALUES ("Ange.Fulcran@gmail.com","jstkpp","Ange","Fulcran",36,2);
INSERT INTO `Player` (`adresse_mail`,`mdp`,`lastname`,`firstname`,`age`,`avatar`) VALUES ("Normand.Melchior@gmail.com","bxjbsr","Normand","Melchior",25,1);
INSERT INTO `Player` (`adresse_mail`,`mdp`,`lastname`,`firstname`,`age`,`avatar`) VALUES ("Lazare.Nestor@gmail.com","judkbe","Lazare","Nestor",44,0);
INSERT INTO `Player` (`adresse_mail`,`mdp`,`lastname`,`firstname`,`age`,`avatar`) VALUES ("Romain.Odon@gmail.com","kktigl","Romain","Odon",33,2);
INSERT INTO `Player` (`adresse_mail`,`mdp`,`lastname`,`firstname`,`age`,`avatar`) VALUES ("Flodoard.Aymard@gmail.com","lftrsl","Flodoard","Aymard",41,2);
INSERT INTO `Player` (`adresse_mail`,`mdp`,`lastname`,`firstname`,`age`,`avatar`) VALUES ("Aymard.Simon@gmail.com","erqnye","Aymard","Simon",21,1);
INSERT INTO `Player` (`adresse_mail`,`mdp`,`lastname`,`firstname`,`age`,`avatar`) VALUES ("Loup.Patrice@gmail.com","blqgmx","Loup","Patrice",20,2);
INSERT INTO `Player` (`adresse_mail`,`mdp`,`lastname`,`firstname`,`age`,`avatar`) VALUES ("Georges.Mayeul@gmail.com","lmridp","Georges","Mayeul",26,0);
INSERT INTO `Player` (`adresse_mail`,`mdp`,`lastname`,`firstname`,`age`,`avatar`) VALUES ("Ange.Marcel@gmail.com","qpdozm","Ange","Marcel",33,2);
INSERT INTO `Player` (`adresse_mail`,`mdp`,`lastname`,`firstname`,`age`,`avatar`) VALUES ("Romain.Lazare@gmail.com","dpjybd","Romain","Lazare",20,0);
INSERT INTO `Player` (`adresse_mail`,`mdp`,`lastname`,`firstname`,`age`,`avatar`) VALUES ("Ghislain.Flodoard@gmail.com","cyuiuk","Ghislain","Flodoard",21,1);
INSERT INTO `Player` (`adresse_mail`,`mdp`,`lastname`,`firstname`,`age`,`avatar`) VALUES ("Loup.Georges@gmail.com","szauyu","Loup","Georges",38,1);
INSERT INTO `Player` (`adresse_mail`,`mdp`,`lastname`,`firstname`,`age`,`avatar`) VALUES ("Normand.Jude@gmail.com","vrtjee","Normand","Jude",22,0);
INSERT INTO `Player` (`adresse_mail`,`mdp`,`lastname`,`firstname`,`age`,`avatar`) VALUES ("Melchior.Urbain@gmail.com","lnyxen","Melchior","Urbain",20,1);
INSERT INTO `Player` (`adresse_mail`,`mdp`,`lastname`,`firstname`,`age`,`avatar`) VALUES ("Ariel.Anglebert@gmail.com","hhdkxh","Ariel","Anglebert",32,1);
INSERT INTO `Player` (`adresse_mail`,`mdp`,`lastname`,`firstname`,`age`,`avatar`) VALUES ("Alban.Antonius@gmail.com","hnondj","Alban","Antonius",43,0);
INSERT INTO `Player` (`adresse_mail`,`mdp`,`lastname`,`firstname`,`age`,`avatar`) VALUES ("Antonius.Angoustan@gmail.com","jmgsoe","Antonius","Angoustan",46,0);
INSERT INTO `Player` (`adresse_mail`,`mdp`,`lastname`,`firstname`,`age`,`avatar`) VALUES ("Anglebert.Ange@gmail.com","kyrsae","Anglebert","Ange",38,2);
INSERT INTO `Player` (`adresse_mail`,`mdp`,`lastname`,`firstname`,`age`,`avatar`) VALUES ("Aymard.Thierry@gmail.com","pzttap","Aymard","Thierry",20,0);
INSERT INTO `Player` (`adresse_mail`,`mdp`,`lastname`,`firstname`,`age`,`avatar`) VALUES ("Georges.Loup@gmail.com","zxcfvi","Georges","Loup",27,1);
INSERT INTO `Player` (`adresse_mail`,`mdp`,`lastname`,`firstname`,`age`,`avatar`) VALUES ("Angoustan.Normand@gmail.com","wgygeo","Angoustan","Normand",44,1);
INSERT INTO `Player` (`adresse_mail`,`mdp`,`lastname`,`firstname`,`age`,`avatar`) VALUES ("Mayeul.Maxime@gmail.com","uuvwif","Mayeul","Maxime",46,0);
INSERT INTO `Player` (`adresse_mail`,`mdp`,`lastname`,`firstname`,`age`,`avatar`) VALUES ("Antonius.Leu@gmail.com","wjjjso","Antonius","Leu",39,1);
INSERT INTO `Player` (`adresse_mail`,`mdp`,`lastname`,`firstname`,`age`,`avatar`) VALUES ("Normand.Vincent@gmail.com","mqixpp","Normand","Vincent",26,1);
INSERT INTO `Player` (`adresse_mail`,`mdp`,`lastname`,`firstname`,`age`,`avatar`) VALUES ("Simon.Ernest@gmail.com","urerst","Simon","Ernest",39,2);
INSERT INTO `Player` (`adresse_mail`,`mdp`,`lastname`,`firstname`,`age`,`avatar`) VALUES ("Fulcran.Ariel@gmail.com","kzvffp","Fulcran","Ariel",44,1);
INSERT INTO `Player` (`adresse_mail`,`mdp`,`lastname`,`firstname`,`age`,`avatar`) VALUES ("Marcel.Alban@gmail.com","vuzzpw","Marcel","Alban",45,0);
INSERT INTO `Player` (`adresse_mail`,`mdp`,`lastname`,`firstname`,`age`,`avatar`) VALUES ("Melchior.Romain@gmail.com","codqcs","Melchior","Romain",23,1);
INSERT INTO `Player` (`adresse_mail`,`mdp`,`lastname`,`firstname`,`age`,`avatar`) VALUES ("Antonius.Job@gmail.com","ajqgop","Antonius","Job",43,1);
INSERT INTO `Player` (`adresse_mail`,`mdp`,`lastname`,`firstname`,`age`,`avatar`) VALUES ("Simon.Ghislain@gmail.com","ebkshl","Simon","Ghislain",37,0);
INSERT INTO `Player` (`adresse_mail`,`mdp`,`lastname`,`firstname`,`age`,`avatar`) VALUES ("Jude.Olivier@gmail.com","qdfoib","Jude","Olivier",44,1);
INSERT INTO `Player` (`adresse_mail`,`mdp`,`lastname`,`firstname`,`age`,`avatar`) VALUES ("Ghislain.Jeannel@gmail.com","dkwwfb","Ghislain","Jeannel",32,2);
INSERT INTO `Player` (`adresse_mail`,`mdp`,`lastname`,`firstname`,`age`,`avatar`) VALUES ("Flodoard.Corentin@gmail.com","fwjsqn","Flodoard","Corentin",25,2);
INSERT INTO `Player` (`adresse_mail`,`mdp`,`lastname`,`firstname`,`age`,`avatar`) VALUES ("Normand.Pascal@gmail.com","oiuuei","Normand","Pascal",48,0);

INSERT INTO `Match` (`reference`,`adresse`,`day`,`hour`,`organisateur`) VALUES (1,"37 rue de Paris, Saint-Germain en Laye","7/12/2021","22h00","Ariel");
INSERT INTO `Match` (`reference`,`adresse`,`day`,`hour`,`organisateur`) VALUES (2,"37 rue de Paris, Saint-Germain en Laye","2/12/2021","18h00","Aymard");
INSERT INTO `Match` (`reference`,`adresse`,`day`,`hour`,`organisateur`) VALUES (3,"37 rue de Paris, Saint-Germain en Laye","21/12/2021","17h30","Nestor");
INSERT INTO `Match` (`reference`,`adresse`,`day`,`hour`,`organisateur`) VALUES (4,"37 rue de Paris, Saint-Germain en Laye","6/12/2021","12h00","Nestor");
INSERT INTO `Match` (`reference`,`adresse`,`day`,`hour`,`organisateur`) VALUES (5,"37 rue de Paris, Saint-Germain en Laye","5/12/2021","12h00","Antonius");
INSERT INTO `Match` (`reference`,`adresse`,`day`,`hour`,`organisateur`) VALUES (6,"37 rue de Paris, Saint-Germain en Laye","19/12/2021","23h15","Antonius");
INSERT INTO `Match` (`reference`,`adresse`,`day`,`hour`,`organisateur`) VALUES (7,"37 rue de Paris, Saint-Germain en Laye","13/12/2021","9h15","Antonius");
INSERT INTO `Match` (`reference`,`adresse`,`day`,`hour`,`organisateur`) VALUES (8,"37 rue de Paris, Saint-Germain en Laye","8/12/2021","19h30","Antonius");
INSERT INTO `Match` (`reference`,`adresse`,`day`,`hour`,`organisateur`) VALUES (9,"37 rue de Paris, Saint-Germain en Laye","6/12/2021","23h30","Vincent");
INSERT INTO `Match` (`reference`,`adresse`,`day`,`hour`,`organisateur`) VALUES (10,"37 rue de Paris, Saint-Germain en Laye","21/12/2021","21h45","Vincent");
INSERT INTO `Match` (`reference`,`adresse`,`day`,`hour`,`organisateur`) VALUES (11,"37 rue de Paris, Saint-Germain en Laye","14/12/2021","10h00","Vincent");
INSERT INTO `Match` (`reference`,`adresse`,`day`,`hour`,`organisateur`) VALUES (12,"37 rue de Paris, Saint-Germain en Laye","4/12/2021","11h30","Vincent");

INSERT INTO `Team` (`ref_match`,`ref_player`,`team_color`,`date`) VALUES (1,"Fulcran.Ariel@gmail.com","bleu",1);
INSERT INTO `Team` (`ref_match`,`ref_player`,`team_color`,`date`) VALUES (1,"Simon.Ernest@gmail.com","bleu",2);
INSERT INTO `Team` (`ref_match`,`ref_player`,`team_color`,`date`) VALUES (1,"Ariel.Anglebert@gmail.com","bleu",3);
INSERT INTO `Team` (`ref_match`,`ref_player`,`team_color`,`date`) VALUES (1,"Antonius.Job@gmail.com","bleu",4);
INSERT INTO `Team` (`ref_match`,`ref_player`,`team_color`,`date`) VALUES (1,"Antonius.Angoustan@gmail.com","bleu",5);
INSERT INTO `Team` (`ref_match`,`ref_player`,`team_color`,`date`) VALUES (1,"Ange.Fulcran@gmail.com","rouge",6);
INSERT INTO `Team` (`ref_match`,`ref_player`,`team_color`,`date`) VALUES (1,"Angoustan.Normand@gmail.com","rouge",7);
INSERT INTO `Team` (`ref_match`,`ref_player`,`team_color`,`date`) VALUES (1,"Flodoard.Aymard@gmail.com","rouge",8);
INSERT INTO `Team` (`ref_match`,`ref_player`,`team_color`,`date`) VALUES (1,"Mayeul.Maxime@gmail.com","rouge",9);
INSERT INTO `Team` (`ref_match`,`ref_player`,`team_color`,`date`) VALUES (1,"Aymard.Thierry@gmail.com","rouge",10);
INSERT INTO `Team` (`ref_match`,`ref_player`,`team_color`,`date`) VALUES (2,"Flodoard.Aymard@gmail.com","bleu",11);
INSERT INTO `Team` (`ref_match`,`ref_player`,`team_color`,`date`) VALUES (2,"Romain.Lazare@gmail.com","bleu",12);
INSERT INTO `Team` (`ref_match`,`ref_player`,`team_color`,`date`) VALUES (2,"Flodoard.Corentin@gmail.com","bleu",13);
INSERT INTO `Team` (`ref_match`,`ref_player`,`team_color`,`date`) VALUES (2,"Georges.Loup@gmail.com","bleu",14);
INSERT INTO `Team` (`ref_match`,`ref_player`,`team_color`,`date`) VALUES (2,"Georges.Mayeul@gmail.com","bleu",15);
INSERT INTO `Team` (`ref_match`,`ref_player`,`team_color`,`date`) VALUES (2,"Lazare.Nestor@gmail.com","rouge",16);
INSERT INTO `Team` (`ref_match`,`ref_player`,`team_color`,`date`) VALUES (2,"Ange.Fulcran@gmail.com","rouge",17);
INSERT INTO `Team` (`ref_match`,`ref_player`,`team_color`,`date`) VALUES (2,"Normand.Jude@gmail.com","rouge",18);
INSERT INTO `Team` (`ref_match`,`ref_player`,`team_color`,`date`) VALUES (2,"Normand.Vincent@gmail.com","rouge",19);
INSERT INTO `Team` (`ref_match`,`ref_player`,`team_color`,`date`) VALUES (2,"Normand.Melchior@gmail.com","rouge",20);
INSERT INTO `Team` (`ref_match`,`ref_player`,`team_color`,`date`) VALUES (3,"Lazare.Nestor@gmail.com","bleu",21);
INSERT INTO `Team` (`ref_match`,`ref_player`,`team_color`,`date`) VALUES (3,"Normand.Vincent@gmail.com","bleu",22);
INSERT INTO `Team` (`ref_match`,`ref_player`,`team_color`,`date`) VALUES (3,"Georges.Mayeul@gmail.com","bleu",23);
INSERT INTO `Team` (`ref_match`,`ref_player`,`team_color`,`date`) VALUES (3,"Melchior.Urbain@gmail.com","bleu",24);
INSERT INTO `Team` (`ref_match`,`ref_player`,`team_color`,`date`) VALUES (3,"Antonius.Job@gmail.com","bleu",25);
INSERT INTO `Team` (`ref_match`,`ref_player`,`team_color`,`date`) VALUES (3,"Simon.Ghislain@gmail.com","rouge",26);
INSERT INTO `Team` (`ref_match`,`ref_player`,`team_color`,`date`) VALUES (3,"Jude.Olivier@gmail.com","rouge",27);
INSERT INTO `Team` (`ref_match`,`ref_player`,`team_color`,`date`) VALUES (3,"Antonius.Angoustan@gmail.com","rouge",28);
INSERT INTO `Team` (`ref_match`,`ref_player`,`team_color`,`date`) VALUES (3,"Loup.Patrice@gmail.com","rouge",29);
INSERT INTO `Team` (`ref_match`,`ref_player`,`team_color`,`date`) VALUES (3,"Ange.Fulcran@gmail.com","rouge",30);
INSERT INTO `Team` (`ref_match`,`ref_player`,`team_color`,`date`) VALUES (4,"Lazare.Nestor@gmail.com","bleu",31);
INSERT INTO `Team` (`ref_match`,`ref_player`,`team_color`,`date`) VALUES (4,"Normand.Jude@gmail.com","bleu",32);
INSERT INTO `Team` (`ref_match`,`ref_player`,`team_color`,`date`) VALUES (4,"Aymard.Simon@gmail.com","bleu",33);
INSERT INTO `Team` (`ref_match`,`ref_player`,`team_color`,`date`) VALUES (4,"Antonius.Leu@gmail.com","bleu",34);
INSERT INTO `Team` (`ref_match`,`ref_player`,`team_color`,`date`) VALUES (4,"Loup.Georges@gmail.com","bleu",35);
INSERT INTO `Team` (`ref_match`,`ref_player`,`team_color`,`date`) VALUES (4,"Ariel.Anglebert@gmail.com","rouge",36);
INSERT INTO `Team` (`ref_match`,`ref_player`,`team_color`,`date`) VALUES (4,"Georges.Loup@gmail.com","rouge",37);
INSERT INTO `Team` (`ref_match`,`ref_player`,`team_color`,`date`) VALUES (4,"Ange.Marcel@gmail.com","rouge",38);
INSERT INTO `Team` (`ref_match`,`ref_player`,`team_color`,`date`) VALUES (4,"Flodoard.Corentin@gmail.com","rouge",39);
INSERT INTO `Team` (`ref_match`,`ref_player`,`team_color`,`date`) VALUES (4,"Georges.Mayeul@gmail.com","rouge",40);
INSERT INTO `Team` (`ref_match`,`ref_player`,`team_color`,`date`) VALUES (4,"Ange.Fulcran@gmail.com","supplémentaire",41);
INSERT INTO `Team` (`ref_match`,`ref_player`,`team_color`,`date`) VALUES (4,"Simon.Ghislain@gmail.com","supplémentaire",42);
INSERT INTO `Team` (`ref_match`,`ref_player`,`team_color`,`date`) VALUES (4,"Mayeul.Maxime@gmail.com","supplémentaire",43);
INSERT INTO `Team` (`ref_match`,`ref_player`,`team_color`,`date`) VALUES (5,"Alban.Antonius@gmail.com","bleu",44);
INSERT INTO `Team` (`ref_match`,`ref_player`,`team_color`,`date`) VALUES (5,"Georges.Mayeul@gmail.com","bleu",45);
INSERT INTO `Team` (`ref_match`,`ref_player`,`team_color`,`date`) VALUES (5,"Fulcran.Ariel@gmail.com","bleu",46);
INSERT INTO `Team` (`ref_match`,`ref_player`,`team_color`,`date`) VALUES (5,"Simon.Ghislain@gmail.com","bleu",47);
INSERT INTO `Team` (`ref_match`,`ref_player`,`team_color`,`date`) VALUES (5,"Anglebert.Ange@gmail.com","bleu",48);
INSERT INTO `Team` (`ref_match`,`ref_player`,`team_color`,`date`) VALUES (5,"Ghislain.Flodoard@gmail.com","rouge",49);
INSERT INTO `Team` (`ref_match`,`ref_player`,`team_color`,`date`) VALUES (5,"Antonius.Job@gmail.com","rouge",50);
INSERT INTO `Team` (`ref_match`,`ref_player`,`team_color`,`date`) VALUES (5,"Marcel.Alban@gmail.com","rouge",51);
INSERT INTO `Team` (`ref_match`,`ref_player`,`team_color`,`date`) VALUES (5,"Antonius.Angoustan@gmail.com","rouge",52);
INSERT INTO `Team` (`ref_match`,`ref_player`,`team_color`,`date`) VALUES (5,"Mayeul.Maxime@gmail.com","rouge",53);
INSERT INTO `Team` (`ref_match`,`ref_player`,`team_color`,`date`) VALUES (5,"Romain.Lazare@gmail.com","supplémentaire",54);
INSERT INTO `Team` (`ref_match`,`ref_player`,`team_color`,`date`) VALUES (6,"Alban.Antonius@gmail.com","bleu",55);
INSERT INTO `Team` (`ref_match`,`ref_player`,`team_color`,`date`) VALUES (6,"Loup.Georges@gmail.com","bleu",56);
INSERT INTO `Team` (`ref_match`,`ref_player`,`team_color`,`date`) VALUES (6,"Marcel.Alban@gmail.com","bleu",57);
INSERT INTO `Team` (`ref_match`,`ref_player`,`team_color`,`date`) VALUES (6,"Flodoard.Aymard@gmail.com","bleu",58);
INSERT INTO `Team` (`ref_match`,`ref_player`,`team_color`,`date`) VALUES (6,"Ange.Marcel@gmail.com","bleu",59);
INSERT INTO `Team` (`ref_match`,`ref_player`,`team_color`,`date`) VALUES (6,"Antonius.Job@gmail.com","rouge",60);
INSERT INTO `Team` (`ref_match`,`ref_player`,`team_color`,`date`) VALUES (6,"Georges.Mayeul@gmail.com","rouge",61);
INSERT INTO `Team` (`ref_match`,`ref_player`,`team_color`,`date`) VALUES (6,"Anglebert.Ange@gmail.com","rouge",62);
INSERT INTO `Team` (`ref_match`,`ref_player`,`team_color`,`date`) VALUES (6,"Melchior.Romain@gmail.com","rouge",63);
INSERT INTO `Team` (`ref_match`,`ref_player`,`team_color`,`date`) VALUES (6,"Ariel.Anglebert@gmail.com","rouge",64);
INSERT INTO `Team` (`ref_match`,`ref_player`,`team_color`,`date`) VALUES (7,"Alban.Antonius@gmail.com","bleu",65);
INSERT INTO `Team` (`ref_match`,`ref_player`,`team_color`,`date`) VALUES (7,"Melchior.Urbain@gmail.com","bleu",66);
INSERT INTO `Team` (`ref_match`,`ref_player`,`team_color`,`date`) VALUES (7,"Simon.Ghislain@gmail.com","bleu",67);
INSERT INTO `Team` (`ref_match`,`ref_player`,`team_color`,`date`) VALUES (7,"Ghislain.Jeannel@gmail.com","bleu",68);
INSERT INTO `Team` (`ref_match`,`ref_player`,`team_color`,`date`) VALUES (7,"Jude.Olivier@gmail.com","bleu",69);
INSERT INTO `Team` (`ref_match`,`ref_player`,`team_color`,`date`) VALUES (7,"Ariel.Anglebert@gmail.com","rouge",70);
INSERT INTO `Team` (`ref_match`,`ref_player`,`team_color`,`date`) VALUES (7,"Antonius.Angoustan@gmail.com","rouge",71);
INSERT INTO `Team` (`ref_match`,`ref_player`,`team_color`,`date`) VALUES (7,"Romain.Odon@gmail.com","rouge",72);
INSERT INTO `Team` (`ref_match`,`ref_player`,`team_color`,`date`) VALUES (8,"Alban.Antonius@gmail.com","bleu",73);
INSERT INTO `Team` (`ref_match`,`ref_player`,`team_color`,`date`) VALUES (8,"Marcel.Alban@gmail.com","bleu",74);
INSERT INTO `Team` (`ref_match`,`ref_player`,`team_color`,`date`) VALUES (8,"Romain.Odon@gmail.com","bleu",75);
INSERT INTO `Team` (`ref_match`,`ref_player`,`team_color`,`date`) VALUES (8,"Ariel.Anglebert@gmail.com","bleu",76);
INSERT INTO `Team` (`ref_match`,`ref_player`,`team_color`,`date`) VALUES (8,"Lazare.Nestor@gmail.com","bleu",77);
INSERT INTO `Team` (`ref_match`,`ref_player`,`team_color`,`date`) VALUES (8,"Flodoard.Corentin@gmail.com","rouge",78);
INSERT INTO `Team` (`ref_match`,`ref_player`,`team_color`,`date`) VALUES (8,"Angoustan.Normand@gmail.com","rouge",79);
INSERT INTO `Team` (`ref_match`,`ref_player`,`team_color`,`date`) VALUES (8,"Simon.Ghislain@gmail.com","rouge",80);
INSERT INTO `Team` (`ref_match`,`ref_player`,`team_color`,`date`) VALUES (8,"Simon.Ernest@gmail.com","rouge",81);
INSERT INTO `Team` (`ref_match`,`ref_player`,`team_color`,`date`) VALUES (8,"Romain.Lazare@gmail.com","rouge",82);
INSERT INTO `Team` (`ref_match`,`ref_player`,`team_color`,`date`) VALUES (9,"Normand.Vincent@gmail.com","bleu",83);
INSERT INTO `Team` (`ref_match`,`ref_player`,`team_color`,`date`) VALUES (9,"Fulcran.Ariel@gmail.com","bleu",84);
INSERT INTO `Team` (`ref_match`,`ref_player`,`team_color`,`date`) VALUES (9,"Romain.Lazare@gmail.com","bleu",85);
INSERT INTO `Team` (`ref_match`,`ref_player`,`team_color`,`date`) VALUES (9,"Normand.Pascal@gmail.com","bleu",86);
INSERT INTO `Team` (`ref_match`,`ref_player`,`team_color`,`date`) VALUES (9,"Aymard.Candide@gmail.com","bleu",87);
INSERT INTO `Team` (`ref_match`,`ref_player`,`team_color`,`date`) VALUES (9,"Ghislain.Flodoard@gmail.com","rouge",88);
INSERT INTO `Team` (`ref_match`,`ref_player`,`team_color`,`date`) VALUES (9,"Ghislain.Jeannel@gmail.com","rouge",89);
INSERT INTO `Team` (`ref_match`,`ref_player`,`team_color`,`date`) VALUES (9,"Simon.Ernest@gmail.com","rouge",90);
INSERT INTO `Team` (`ref_match`,`ref_player`,`team_color`,`date`) VALUES (9,"Loup.Georges@gmail.com","rouge",91);
INSERT INTO `Team` (`ref_match`,`ref_player`,`team_color`,`date`) VALUES (9,"Lazare.Nestor@gmail.com","rouge",92);
INSERT INTO `Team` (`ref_match`,`ref_player`,`team_color`,`date`) VALUES (9,"Romain.Odon@gmail.com","supplémentaire",93);
INSERT INTO `Team` (`ref_match`,`ref_player`,`team_color`,`date`) VALUES (10,"Normand.Vincent@gmail.com","bleu",94);
INSERT INTO `Team` (`ref_match`,`ref_player`,`team_color`,`date`) VALUES (10,"Normand.Jude@gmail.com","bleu",95);
INSERT INTO `Team` (`ref_match`,`ref_player`,`team_color`,`date`) VALUES (10,"Mayeul.Maxime@gmail.com","bleu",96);
INSERT INTO `Team` (`ref_match`,`ref_player`,`team_color`,`date`) VALUES (10,"Fulcran.Ariel@gmail.com","bleu",97);
INSERT INTO `Team` (`ref_match`,`ref_player`,`team_color`,`date`) VALUES (10,"Loup.Patrice@gmail.com","bleu",98);
INSERT INTO `Team` (`ref_match`,`ref_player`,`team_color`,`date`) VALUES (10,"Marcel.Alban@gmail.com","rouge",99);
INSERT INTO `Team` (`ref_match`,`ref_player`,`team_color`,`date`) VALUES (10,"Ange.Fulcran@gmail.com","rouge",100);
INSERT INTO `Team` (`ref_match`,`ref_player`,`team_color`,`date`) VALUES (10,"Aymard.Simon@gmail.com","rouge",101);
INSERT INTO `Team` (`ref_match`,`ref_player`,`team_color`,`date`) VALUES (10,"Flodoard.Corentin@gmail.com","rouge",102);
INSERT INTO `Team` (`ref_match`,`ref_player`,`team_color`,`date`) VALUES (10,"Aymard.Thierry@gmail.com","rouge",103);
INSERT INTO `Team` (`ref_match`,`ref_player`,`team_color`,`date`) VALUES (11,"Normand.Vincent@gmail.com","bleu",104);
INSERT INTO `Team` (`ref_match`,`ref_player`,`team_color`,`date`) VALUES (11,"Normand.Jude@gmail.com","bleu",105);
INSERT INTO `Team` (`ref_match`,`ref_player`,`team_color`,`date`) VALUES (11,"Normand.Melchior@gmail.com","bleu",106);
INSERT INTO `Team` (`ref_match`,`ref_player`,`team_color`,`date`) VALUES (11,"Ange.Fulcran@gmail.com","bleu",107);
INSERT INTO `Team` (`ref_match`,`ref_player`,`team_color`,`date`) VALUES (11,"Alban.Antonius@gmail.com","bleu",108);
INSERT INTO `Team` (`ref_match`,`ref_player`,`team_color`,`date`) VALUES (11,"Aymard.Candide@gmail.com","rouge",109);
INSERT INTO `Team` (`ref_match`,`ref_player`,`team_color`,`date`) VALUES (11,"Mayeul.Maxime@gmail.com","rouge",110);
INSERT INTO `Team` (`ref_match`,`ref_player`,`team_color`,`date`) VALUES (11,"Fulcran.Ariel@gmail.com","rouge",111);
INSERT INTO `Team` (`ref_match`,`ref_player`,`team_color`,`date`) VALUES (11,"Anglebert.Ange@gmail.com","rouge",112);
INSERT INTO `Team` (`ref_match`,`ref_player`,`team_color`,`date`) VALUES (11,"Loup.Georges@gmail.com","rouge",113);
INSERT INTO `Team` (`ref_match`,`ref_player`,`team_color`,`date`) VALUES (11,"Flodoard.Aymard@gmail.com","supplémentaire",114);
INSERT INTO `Team` (`ref_match`,`ref_player`,`team_color`,`date`) VALUES (11,"Aymard.Thierry@gmail.com","supplémentaire",115);
INSERT INTO `Team` (`ref_match`,`ref_player`,`team_color`,`date`) VALUES (11,"Angoustan.Normand@gmail.com","supplémentaire",116);
INSERT INTO `Team` (`ref_match`,`ref_player`,`team_color`,`date`) VALUES (12,"Normand.Vincent@gmail.com","bleu",117);
INSERT INTO `Team` (`ref_match`,`ref_player`,`team_color`,`date`) VALUES (12,"Anglebert.Ange@gmail.com","bleu",118);
INSERT INTO `Team` (`ref_match`,`ref_player`,`team_color`,`date`) VALUES (12,"Simon.Ernest@gmail.com","bleu",119);
INSERT INTO `Team` (`ref_match`,`ref_player`,`team_color`,`date`) VALUES (12,"Aymard.Candide@gmail.com","bleu",120);
INSERT INTO `Team` (`ref_match`,`ref_player`,`team_color`,`date`) VALUES (12,"Ghislain.Jeannel@gmail.com","bleu",121);
INSERT INTO `Team` (`ref_match`,`ref_player`,`team_color`,`date`) VALUES (12,"Flodoard.Aymard@gmail.com","rouge",122);
INSERT INTO `Team` (`ref_match`,`ref_player`,`team_color`,`date`) VALUES (12,"Loup.Georges@gmail.com","rouge",123);
INSERT INTO `Team` (`ref_match`,`ref_player`,`team_color`,`date`) VALUES (12,"Normand.Jude@gmail.com","rouge",124);
INSERT INTO `Team` (`ref_match`,`ref_player`,`team_color`,`date`) VALUES (12,"Loup.Patrice@gmail.com","rouge",125);
INSERT INTO `Team` (`ref_match`,`ref_player`,`team_color`,`date`) VALUES (12,"Mayeul.Maxime@gmail.com","rouge",126);

